{"boundaryID": "RWA-ADM3-72400831", "boundaryISO": "RWA", "boundaryYear": "2012", "boundaryType": "ADM3", "boundarySource": "Open Data Rwanda", "boundaryCanonical": "", "boundaryLicense": "Creative Commons Attribution 4.0 International (CC BY 4.0)", "licenseDetail": "", "licenseSource": "http//www.statistics.gov.rw/terms-use", "boundarySourceURL": "http//geodata-nisr.opendata.arcgis.com/datasets/7083c6f446ae41c1bc69649f577f8a68_0", "sourceDataUpdateDate": "Thu Jan 19 07:31:04 2023", "buildDate": "Dec 12, 2023", "admUnitCount": "416", "meanVertices": "1412.0", "minVertices": "361", "maxVertices": "4883", "meanPerimeterLengthKM": "42.78973345162822", "maxPerimeterLengthKM": "144.18494440634544", "minPerimeterLengthKM": "5.686244750352703", "meanAreaSqKM": "58.4281910693347", "minAreaSqKM": "1.0268185499121034", "maxAreaSqKM": "647.8533372631898"}